seniority,total_hours_logged,total_billable_hours_logged,total_role_hours_assigned,role_based_utilization,logged_based_utilization
K1,3360.0,2320.0,9904.0,23.424878836833603,69.04761904761905
K2,21710.6,9951.516666666666,38480.0,25.861529799029796,45.83713332043641
K3,31447.05,19419.8,39024.0,49.763735137351375,61.75396420331955
K4,9278.0,5787.0,9096.0,63.62137203166227,62.37335632679457
