completion_quarter_str,avg_effort_per_project
2021Q1,2007.0
2021Q2,992.5
2021Q4,1155.0
2022Q1,874.35
2022Q2,2477.6
2022Q3,879.666667
2022Q4,1368.0
2023Q1,401.0625
2023Q2,1108.333333
2023Q3,1340.833333
2023Q4,866.0
2024Q1,1691.666667
2024Q2,810.0
2024Q3,2761.0
2024Q4,2736.5
2025Q1,916.666667
2025Q2,176.833333
2025Q4,344.0
