category,hours,percentage
General Internal,13461.133333333333,0.48908077994428967
Vacation/Leave,13331.0,0.4843526704614266
Sick Leave,679.2,0.024677243550926486
Training/Development,52.0,0.0018893060433571513
