role,utilization
Business Developer,0.8483737394172653
Data Engineer,0.84778156583111
Data Scientist,0.8921900719011144
Data Analyst,0.8911501188464332
Data Architect,0.8474038377638656
Analytics Engineer,0.8816532869485814
