role,utilization
Business Developer,84.83737394172654
Data Engineer,84.778156583111
Data Scientist,89.21900719011144
Data Analyst,89.11501188464332
Data Architect,84.74038377638657
Analytics Engineer,88.16532869485813
