scenario,new_utilization,hours_saved
Cut General Internal by 30%,85.52162642805855,4038.3399999999997
Cut General Internal 30% + Training 20%,85.52803797278462,4048.74
Aggressive Efficiency,87.19098717649953,6746.166666666667
Optimize Controllable Time,86.3595125746421,5397.453333333334
20% Reduction Across Board,84.6981662571087,2702.626666666667
