metric,value
Current Utilization,0.8303201128103074
Target Utilization,0.8
Gap to Target,-0.03032011281030733
Hours Needed,-4918.146666666646
Revenue Opportunity,-6413354.261732791
Total Workforce Hours,162207.4
Client-Facing Hours,134684.06666666665
Internal Hours,27523.333333333336
